Mã căn hộ,Tên chủ hộ,Username,Mật khẩu,Email
A101,Phạm Ý,phamy_a101,Qq49yAFp,a101@bluemoon.com
A102,Đỗ Phương,dophuong_a102,SUDjWFgu,a102@bluemoon.com
A103,Phạm Linh,phamlinh_a103,pmm3wL69,a103@bluemoon.com
A104,Lê Uyên,leuyen_a104,FUArmYUq,a104@bluemoon.com
A105,Hoàng Trang,hoangtrang_a105,FX2FLcRe,a105@bluemoon.com
A106,Cao Linh,caolinh_a106,BtrtC5Kf,a106@bluemoon.com
A107,Lý Cường,lycuong_a107,8yqpGxYY,a107@bluemoon.com
A108,Võ Tuấn,votuan_a108,4gkLBxSe,a108@bluemoon.com
A109,Ngô Phương,ngophuong_a109,ZugKuES7,a109@bluemoon.com
A110,Lý Sơn,lyson_a110,qsUdASxt,a110@bluemoon.com
B111,Cao Bình,caobinh_b111,xUqMRP8E,b111@bluemoon.com
B112,Tô Bình,tobinh_b112,fb3388VW,b112@bluemoon.com
B113,Vũ Long,vulong_b113,tTahGSJX,b113@bluemoon.com
B114,Bùi Cường,buicuong_b114,TEkQvJFZ,b114@bluemoon.com
B115,Đặng Bình,dangbinh_b115,YFccF6JL,b115@bluemoon.com
B116,Ngô Bình,ngobinh_b116,bxHw7mYK,b116@bluemoon.com
B117,Bùi Mai,buimai_b117,QyHUA8tR,b117@bluemoon.com
B118,Đỗ Bình,dobinh_b118,YFHpTTVL,b118@bluemoon.com
B119,Dương Phương,duongphuong_b119,Zj3GWcAr,b119@bluemoon.com
B120,Phạm Hùng,phamhung_b120,ZCmxVmBA,b120@bluemoon.com
C121,Phan Nga,phannga_c121,zfLMWb9L,c121@bluemoon.com
C122,Phạm Minh,phamminh_c122,hRuvpsGV,c122@bluemoon.com
C123,Phạm Lệ,phamle_c123,DnFxhQHQ,c123@bluemoon.com
C124,Lê Sơn,leson_c124,3UFRrafh,c124@bluemoon.com
C125,Trần Bình,tranbinh_c125,fePKATJ4,c125@bluemoon.com
C126,Hoàng Nga,hoangnga_c126,caQYNNTL,c126@bluemoon.com
C127,Đặng Vinh,dangvinh_c127,BjWhnPU9,c127@bluemoon.com
C128,Phạm Quân,phamquan_c128,kyrG2UAw,c128@bluemoon.com
C129,Vũ Mai,vumai_c129,9HHHzXQ2,c129@bluemoon.com
C130,Lý Hạnh,lyhanh_c130,eynzcHXJ,c130@bluemoon.com